Country Name,GDP GROWTH,GDP CHANGE
Albania,8.515501123,14786861638
Algeria,3.5,18255787479
American Samoa,-1.866251944,1.63044E+11
Andorra,8.949417981,709000000
Angola,1.1,3330281524
Antigua and Barbuda,5.27084884,67404287260
Argentina,10.39824946,1471125926
Armenia,5.7,4.87227E+11
Aruba,17.17250851,13861409969
Australia,2.236212439,3126019399
Austria,4.556850913,1.55267E+12
Azerbaijan,5.600037273,4.80368E+11
"Bahamas, The",13.71973494,54622176471
Bahrain,2.225351242,11208600000
Bangladesh,6.938675089,38868663032
Barbados,-0.189272866,4.16265E+11
Belarus,2.299879412,4843800000
Belgium,6.133865964,68205380707
Belize,15.22613065,5.94104E+11
Benin,7.155729529,2491500000
Bermuda,5.41353381,17144918952
Bhutan,4.087618798,7286607000
Bolivia,6.105804225,2539552985
Bosnia and Herzegovina,7.54559113,40408208528
Botswana,11.37002186,23365361635
Brazil,4.619421621,17614791266
British Virgin Islands,..,1.60898E+12
Brunei Darussalam,-1.59076248,14006569576
Bulgaria,7.634609716,84056312734
Burkina Faso,6.906341673,19737615114
Burundi,1.7953,2779813489
Cabo Verde,6.952448694,1936174043
Cambodia,3.026389363,26961061120
Cameroon,3.649916886,45338283345
Canada,4.540887309,1.98834E+12
Cayman Islands,1.839256358,5898449688
Central African Republic,0.900000007,2516498299
Chad,-1.199990525,11779980802
Channel Islands,..,..
Chile,11.6682247,3.17059E+11
China,8.109792581,1.77341E+13
Colombia,10.67701307,3.14464E+11
Comoros,2.112195577,1296089633
"Congo, Dem. Rep.",6.200154011,55350968593
"Congo, Rep.",-2.200002606,13366230220
Costa Rica,7.579565299,64282438667
Cote d'Ivoire,7.03796,70043191477
Croatia,13.07220492,68955083280
Cuba,1.254092864,..
Curacao,4.232404629,2699612458
Cyprus,6.638926968,28407867534
Czechia,3.544223443,2.81778E+11
Denmark,4.855707586,3.98303E+11
Djibouti,4.812477383,3482987379
Dominica,6.681925718,554181481.5
Dominican Republic,12.27199023,94243453937
Ecuador,4.235251242,1.06166E+11
"Egypt, Arab Rep.",3.326742091,4.04143E+11
El Salvador,10.27847612,28736940000
Equatorial Guinea,-0.945382917,12269392840
Eritrea,..,..
Estonia,8.013462924,37191166152
Ethiopia,5.637303008,1.11271E+11
Faroe Islands,..,3649886275
Fiji,-5.111607393,4296304590
Finland,2.973229356,2.97302E+11
France,6.816589136,2.95788E+12
French Polynesia,1.024255604,6054676735
Gabon,1.46228651,20216843174
"Gambia, The",4.265492162,2038417462
Georgia,10.46553729,18629365597
Germany,2.626987267,4.25993E+12
Ghana,5.356477897,77594279055
Gibraltar,..,..
Greece,8.434425502,2.14874E+11
Greenland,..,..
Grenada,4.68794389,1122807407
Guam,1.058095428,6123000000
Guatemala,7.980769506,85985752107
Guinea,3.9,16091817842
Guinea-Bissau,3.800002427,1638517533
Guyana,20.06001095,8044498801
Haiti,-1.798239889,20944392615
Honduras,12.53409602,28488668302
"Hong Kong SAR, China",6.343106198,3.69176E+11
Hungary,7.117315315,1.81848E+11
Iceland,4.403044786,25602419210
India,8.681228731,3.1763E+12
Indonesia,3.691240112,1.18609E+12
"Iran, Islamic Rep.",4.719777732,3.59713E+11
Iraq,2.783335435,2.07889E+11
Ireland,13.58824711,5.04183E+11
Isle of Man,..,..
Israel,8.611990348,4.88527E+11
Italy,6.737277123,2.1077E+12
Jamaica,4.6,14657586937
Japan,1.657071117,4.94088E+12
Jordan,2.228138413,45744271659
Kazakhstan,4.3,1.97112E+11
Kenya,7.517355387,1.10347E+11
Kiribati,1.499998904,207031250
"Korea, Dem. People's Rep.",..,..
"Korea, Rep.",4.145323954,1.81096E+12
Kosovo,10.74561161,9412034299
Kuwait,..,..
Kyrgyz Republic,3.610612695,8543423503
Lao PDR,2.528351001,18827148510
Latvia,4.068073863,39853501580
Lebanon,-7.00123936,23131940281
Lesotho,1.347623155,2496134680
Liberia,4.986712835,3509000000
Libya,31.37242223,42817472975
Liechtenstein,..,..
Lithuania,5.981032113,66445256585
Luxembourg,5.102455447,85506243834
"Macao SAR, China",19.26705638,30123914809
North Macedonia,3.964264171,13825049832
Madagascar,4.40234,14472603323
Malawi,2.751416408,12626717492
Malaysia,3.09215965,3.72981E+11
Maldives,41.74510055,5405576236
Mali,3.052613569,19140461606
Malta,10.2977636,17364044944
Marshall Islands,1.114795058,259538700
Mauritania,2.445368273,9996249658
Mauritius,3.703611124,11529042672
Mexico,4.720565298,1.27284E+12
"Micronesia, Fed. Sts.",-3.188187197,404028900
Moldova,13.9445896,13679221333
Monaco,21.5535607,8596096984
Mongolia,1.636769576,15286441818
Montenegro,12.43435899,5861268039
Morocco,7.929667942,1.42866E+11
Mozambique,2.363988418,15776758633
Myanmar,-17.9129448,65091751273
Namibia,2.65605082,12310595844
Nauru,1.5,133218896.9
Nepal,4.246940141,36288830373
Netherlands,4.863219149,1.01285E+12
New Caledonia,..,10071351960
New Zealand,3.71401012,2.49886E+11
Nicaragua,10.3443407,14013022092
Niger,1.387129177,14915001427
Nigeria,3.647186541,4.40834E+11
Northern Mariana Islands,..,..
Norway,3.880936036,4.82175E+11
Oman,3.092276687,88191977373
Pakistan,6.487086774,3.48263E+11
Palau,-13.33333333,217800000
Panama,15.33587393,63605100000
Papua New Guinea,0.3,26594305746
Paraguay,4.102413415,39495431574
Peru,13.34950908,2.23249E+11
Philippines,5.703155968,3.94086E+11
Poland,6.847713362,6.79445E+11
Portugal,5.482391708,2.53663E+11
Puerto Rico,0.207432829,1.06526E+11
Qatar,1.590756954,1.79677E+11
Romania,5.100128197,2.84088E+11
Russian Federation,4.7495841,1.77878E+12
Rwanda,10.88451916,11070356519
Samoa,-7.084587997,843842416.5
San Marino,..,..
Sao Tome and Principe,1.877923038,526653790.7
Saudi Arabia,3.240929768,8.33541E+11
Senegal,6.064495968,27625388352
Serbia,7.549912535,63082047650
Seychelles,7.86188242,1454458184
Sierra Leone,4.104700089,4042237864
Singapore,7.613962615,3.96987E+11
Sint Maarten (Dutch part),..,..
Slovak Republic,3.014302861,1.16527E+11
Slovenia,8.211062592,61748586535
Solomon Islands,-0.202448665,1631486532
Somalia,4.049110488,7628000011
South Africa,4.913096682,4.19015E+11
South Sudan,..,..
Spain,5.519594973,1.42738E+12
Sri Lanka,3.326763818,88927263725
St. Kitts and Nevis,-0.879622643,860840740.7
St. Lucia,12.22986221,1691275157
St. Martin (French part),..,..
St. Vincent and the Grenadines,1.352114255,904181492.8
Sudan,-1.868520206,34326058557
Suriname,-2.729618827,2984706244
Eswatini,7.883306402,4743335153
Sweden,5.075084725,6.35664E+11
Switzerland,4.221716577,8.0064E+11
Syrian Arab Republic,..,..
Tajikistan,9.200190431,8746270636
Tanzania,4.279084542,67841049193
Thailand,1.533835584,5.05947E+11
Timor-Leste,5.29144192,3621222382
Togo,5.260594925,8413200568
Tonga,-2.667506175,469231309.5
Trinidad and Tobago,-1.026540162,24460196271
Tunisia,4.322776357,46686741814
Turkiye,11.35349641,8.19035E+11
Turkmenistan,..,..
Turks and Caicos Islands,2.099997677,943269800
Tuvalu,2.985074627,63100961.54
Uganda,3.536580341,40529789026
Ukraine,3.4,2.00086E+11
United Arab Emirates,3.91629608,4.15022E+11
United Kingdom,7.524910374,3.13138E+12
United States,5.945484761,2.33151E+13
Uruguay,4.367009316,59319484711
Uzbekistan,7.420110242,69238903106
Vanuatu,0.449256481,956332655.7
"Venezuela, RB",..,..
Vietnam,2.561551142,3.66138E+11
Virgin Islands (U.S.),..,..
West Bank and Gaza,7.050450938,18036800000
"Yemen, Rep.",..,..
Zambia,4.598734039,22147634727
Zimbabwe,8.468016898,28371238666
